1,Vladimír,Schreiner
2,Jiří,Sklenář
3,Oldřich,Pírek
4,Jiří,Veselý
5,Petr,Pospíšilík
6,Adam,Klopar
7,Michal,Šiml
8,Vítězslav,Urban
9,Václav,Bartuněk
10,Ivo,Švec
11,Marcel,Imre
12,Přemysl,Klopar
13,Marek,Havlíček
14,Zdeněk,Matějka
15,Igor,Palásek
16,Libor,Brůžek
17,Tomáš,Nevím
18,Jan,Pochop
19,Zdeněk,Máša
20,Jiří,Urbanec
21,Petr,Vysoký
22,Petr,Limberk
23,Ladislav,Stejskal
24,Václav,Sedláček
25,Karel,Chlubný
26,Radoslav,Vagner
27,Pavel,Bureš
28,Ludvík,Hodovský
29,Robert,Holas
30,Vojtěch,Holas
31,Petr,Karolčík
32,Martin,Kučera
33,Aleš,Leicman
34,Petr,Leicman
35,Pavel,Maršálek
36,Michal,Mekleš
37,Tomáš,Ondrášek
38,Tadeáš,Pichal
39,Marek,Riedl
40,Jaroslav,Riedl
41,Michal,Rosa
42,Martin,Sklenář
43,Roman,Smrček
44,Oldřich,Soušek
45,Petr,Suchý
46,Rostislav,Štrubl
47,Tomáš,Tichý
48,Milan,Vlk
49,Pavel,Vrtěna
50,Josef,Paračka
51,Roman,Sedláček
52,Jiří,Sklenář
53,Jaroslav,Sekerka
86,Tomáš,Flora
85,Martin,Král
84,Milan,Pavelka
83,MMMMMM,MMMMMM
82,Václav,Bartuněk
98,dsfs,sdfds
97,dsfs,sdfds
96,dsfs,sdfds
95,Roman,Hladký
94,Jaroslav,Pleva
93,David,Kominek
92,Petr,Jíra
91,Libor,Vavera
90,Michal,Otoupalík
89,Aleš,Kominek
88,Aleš,Tesař
87,Roman,Hladký
81,Zdenka,Kölblová
99,dsfs,sdfds
100,MMMMMM,MMMMMM
101,asdasd,asdasda
102,asdasd,asdasda
103,asdasd,asdasda
104,asdasd,asdasda
105,asdasd,asdasda
106,Radek,Andrýsek
107,Jiří,Boček
108,Jiří,Brychta
109,Jaromír,Gala
110,Petr,Havliš
111,Petr,Hejč
112,Roman,Matýšek
113,Jan,Hort
114,Radek,Hrdina
115,Roman,Hvězda
116,Richard,Škoda
117,Mojmír,Chlupáček
118,Petr,Jícha
119,Michal,Karas
120,Jiří,Kříž
121,David,Kučera
122,Miroslav,Lacko
123,David,Malyjurek
124,Igor,Mati
125,Roman,Věchet
126,Radek,Morávek
127,Petr,Ohniště
128,Jan,Sládek
129,Přemysl,Svoboda
130,Petr,Šrom
131,Jiří,Smilek
